# kind	name	file	bytes	sha256	url
# Всё, что установщик и модуль скачивают. Закреплено: движок — коммит ab492b5b4a3138e262d940289ec7f19b9161d689 репозитория artt652/sanotts-engine, espeak-ng — тег 1.52.0, словарь ё eyo-kernel — тег v4.1.3, sanoTTS — коммит 18e26b2b365bff41d211e516b0760021451438f1.
engine	x86_64	sanotts_cli	455480	3c9d493b47653e8dd25614696a296b4b561541a92444cb602ace381f96875bf3	https://raw.githubusercontent.com/artt652/sanotts-engine/ab364f333eb3f38eba4a96e1117cba5bf5dff7e2/bin/x86_64/sanotts_cli
engine	x86_64	sanotts_tashkeel	85704	0b029cf2eb27c569842d65a85de9deb19bc2130a6fbe211bfe88a86d778486e1	https://raw.githubusercontent.com/artt652/sanotts-engine/ab364f333eb3f38eba4a96e1117cba5bf5dff7e2/bin/x86_64/sanotts_tashkeel
engine	aarch64	sanotts_cli	440512	3ba58b8e89ad2ce508b89da6d0c782738fbaf3d5ed4b50adb33c7620c61a2d40	https://raw.githubusercontent.com/artt652/sanotts-engine/ab364f333eb3f38eba4a96e1117cba5bf5dff7e2/bin/aarch64/sanotts_cli
engine	aarch64	sanotts_tashkeel	88232	0d8bf0728f7de9c10691bb6a0a653e6bb296b8d57f23a84e8ac3292a7974d818	https://raw.githubusercontent.com/artt652/sanotts-engine/ab364f333eb3f38eba4a96e1117cba5bf5dff7e2/bin/aarch64/sanotts_tashkeel
engine	armv7l	sanotts_cli	425268	17c202a6d74c04aaab2de3d963f29c4f80c720dd0cbdc0008e0a26ad69dcd298	https://raw.githubusercontent.com/artt652/sanotts-engine/ab364f333eb3f38eba4a96e1117cba5bf5dff7e2/bin/armv7l/sanotts_cli
engine	armv7l	sanotts_tashkeel	73052	56d3ca853cc2db6185945a350d32268a60408ad64ac43cc94b9bb8f1da1f4675	https://raw.githubusercontent.com/artt652/sanotts-engine/ab364f333eb3f38eba4a96e1117cba5bf5dff7e2/bin/armv7l/sanotts_tashkeel
engine	x86	sanotts_cli	429696	9f6e143968aa997e9f57c4470a74bc3399efa718794368f80575b3e247b3b9d2	https://raw.githubusercontent.com/artt652/sanotts-engine/ab364f333eb3f38eba4a96e1117cba5bf5dff7e2/bin/x86/sanotts_cli
engine	x86	sanotts_tashkeel	81104	a797daf2d1afef09d470b8cf6650195985d48940e403517457abccf4cd54cd68	https://raw.githubusercontent.com/artt652/sanotts-engine/ab364f333eb3f38eba4a96e1117cba5bf5dff7e2/bin/x86/sanotts_tashkeel
engine	android-aarch64	sanotts_cli	346432	a4359c917226fa44e4a866f86c5912aaa67f942269a06be9e5d23bede1704bb6	https://raw.githubusercontent.com/artt652/sanotts-engine/ab364f333eb3f38eba4a96e1117cba5bf5dff7e2/bin/android-aarch64/sanotts_cli
engine	android-aarch64	sanotts_tashkeel	53376	0108e3e9c490287486b78080ff177f7b3922b07204b978dc5b2fc6f88013c71b	https://raw.githubusercontent.com/artt652/sanotts-engine/ab364f333eb3f38eba4a96e1117cba5bf5dff7e2/bin/android-aarch64/sanotts_tashkeel
engine	android-armv7l	sanotts_cli	345196	e233ac759f4a7b247af102878df811b4ca711c2bd8e9ae5926fbff37deaf9b73	https://raw.githubusercontent.com/artt652/sanotts-engine/ab364f333eb3f38eba4a96e1117cba5bf5dff7e2/bin/android-armv7l/sanotts_cli
engine	android-armv7l	sanotts_tashkeel	38800	43c9baa89db4f66015a2ff3366c3c4183f3898af85ae9f80518324945d62c5c9	https://raw.githubusercontent.com/artt652/sanotts-engine/ab364f333eb3f38eba4a96e1117cba5bf5dff7e2/bin/android-armv7l/sanotts_tashkeel
engine	android-x86_64	sanotts_cli	359976	0008a56b812490bf9f4ce3e903ca0a21d078f18e63b6aac63b924d62c58dbcc3	https://raw.githubusercontent.com/artt652/sanotts-engine/ab364f333eb3f38eba4a96e1117cba5bf5dff7e2/bin/android-x86_64/sanotts_cli
engine	android-x86_64	sanotts_tashkeel	60464	9d8a468ae5f8c842ff894094be4e8a811097524c8d48e5bdd01764432534d991	https://raw.githubusercontent.com/artt652/sanotts-engine/ab364f333eb3f38eba4a96e1117cba5bf5dff7e2/bin/android-x86_64/sanotts_tashkeel
engine	android-aarch64	sanotts_play	13128	6438953d8e78377cd704218caa28eb97ea9854fe4200ef905e103650a894d7b0	https://raw.githubusercontent.com/artt652/sanotts-engine/ab364f333eb3f38eba4a96e1117cba5bf5dff7e2/bin/android-aarch64/sanotts_play
engine	android-armv7l	sanotts_play	14028	6f906be84bbc328e66a41d4c59de14eb80014882822d03e4454282c6c89e79a4	https://raw.githubusercontent.com/artt652/sanotts-engine/ab364f333eb3f38eba4a96e1117cba5bf5dff7e2/bin/android-armv7l/sanotts_play
engine	android-x86_64	sanotts_play	13232	d5da007771513e0dad2bf751dbb37620780164b510daadbef20b29f086ff049f	https://raw.githubusercontent.com/artt652/sanotts-engine/ab364f333eb3f38eba4a96e1117cba5bf5dff7e2/bin/android-x86_64/sanotts_play
engine	windows-x86_64	sanotts_cli.exe	506880	73bbee5128df90086843a62e38604bef99c20987f6093f6201621750cf39c920	https://raw.githubusercontent.com/artt652/sanotts-engine/ab364f333eb3f38eba4a96e1117cba5bf5dff7e2/bin/windows-x86_64/sanotts_cli.exe
engine	windows-x86_64	sanotts_tashkeel.exe	113664	e570497ee0caeea47d9439c5b8386e9f2f944b9982ee639999f9a91f5e616c59	https://raw.githubusercontent.com/artt652/sanotts-engine/ab364f333eb3f38eba4a96e1117cba5bf5dff7e2/bin/windows-x86_64/sanotts_tashkeel.exe
engine	windows-x86	sanotts_cli.exe	485888	0a2641705db47f851c4d871a5f7bdafa4c68daf04bc6ccfcc1e0c7673c00e629	https://raw.githubusercontent.com/artt652/sanotts-engine/ab364f333eb3f38eba4a96e1117cba5bf5dff7e2/bin/windows-x86/sanotts_cli.exe
engine	windows-x86	sanotts_tashkeel.exe	123392	4a9e51f1cc7419925122a10814b9571db108a774be0437ddb8b12de0d02cb43a	https://raw.githubusercontent.com/artt652/sanotts-engine/ab364f333eb3f38eba4a96e1117cba5bf5dff7e2/bin/windows-x86/sanotts_tashkeel.exe
base	espeak	intonations	2312	031a105bf6bb2ebcd73a2c579ccfb42469b27266db0078af65ae298fd3588b21	https://raw.githubusercontent.com/Ampixa/sanoTTS/18e26b2b365bff41d211e516b0760021451438f1/mcu/ports/wasm/espeak-data-multi/intonations
base	espeak	phondata	4096	fe985d7ed428c3b4f187a5b90c016409259dcea5f35614ff2903e2f9cdb1eeb6	https://raw.githubusercontent.com/Ampixa/sanoTTS/18e26b2b365bff41d211e516b0760021451438f1/mcu/ports/wasm/espeak-data-multi/phondata
base	espeak	phonindex	44904	ddaddb27c8f60d788631f219303fdedc894eed5d0499a6f93187e863a11af423	https://raw.githubusercontent.com/Ampixa/sanoTTS/18e26b2b365bff41d211e516b0760021451438f1/mcu/ports/wasm/espeak-data-multi/phonindex
base	espeak	phontab	59520	d15c42e99a6f792775c281173bbc82c86b490c2d4a939215a1d526768c1db8ce	https://raw.githubusercontent.com/Ampixa/sanoTTS/18e26b2b365bff41d211e516b0760021451438f1/mcu/ports/wasm/espeak-data-multi/phontab
base	espeak	lang/aav/vi	111	3199c980f9e23a88a2aa693cd631bf4fcb0f3408c4272bc01b7ac0ff8e79d778	https://raw.githubusercontent.com/Ampixa/sanoTTS/18e26b2b365bff41d211e516b0760021451438f1/mcu/ports/wasm/espeak-data-multi/lang/aav/vi
base	espeak	lang/gmw/de	42	f3cca92f94b70f8c25a29ee0a4c9ce4c7f1022241532e0647fa2b7f698bf104e	https://raw.githubusercontent.com/Ampixa/sanoTTS/18e26b2b365bff41d211e516b0760021451438f1/mcu/ports/wasm/espeak-data-multi/lang/gmw/de
base	espeak	lang/gmw/en	148	4c8f40ba654a18e2e5d7837f55db5df294eba3a731cd861d421ea52516c16677	https://raw.githubusercontent.com/Ampixa/sanoTTS/18e26b2b365bff41d211e516b0760021451438f1/mcu/ports/wasm/espeak-data-multi/lang/gmw/en
base	espeak	lang/gmw/en-029	355	d450cc687501aa1c68466958373f2b3acea7eb7b4be0c4f5d04b02ccaed72b95	https://raw.githubusercontent.com/Ampixa/sanoTTS/18e26b2b365bff41d211e516b0760021451438f1/mcu/ports/wasm/espeak-data-multi/lang/gmw/en-029
base	espeak	lang/gmw/en-GB-scotland	312	adbd70bed8594f2ed878121f49a4bd49a41a6564cd1102fc749f92c72c434617	https://raw.githubusercontent.com/Ampixa/sanoTTS/18e26b2b365bff41d211e516b0760021451438f1/mcu/ports/wasm/espeak-data-multi/lang/gmw/en-GB-scotland
base	espeak	lang/gmw/en-GB-x-gbclan	252	3d3caf12aa3abeb3e13836dee250e98acff3cd7f08d252559332a6d91bf500c5	https://raw.githubusercontent.com/Ampixa/sanoTTS/18e26b2b365bff41d211e516b0760021451438f1/mcu/ports/wasm/espeak-data-multi/lang/gmw/en-GB-x-gbclan
base	espeak	lang/gmw/en-GB-x-gbcwmd	200	99136e9688eef0ba1ff874f366ee8dff7090e58bd424aa93d22ee2775f16b8c4	https://raw.githubusercontent.com/Ampixa/sanoTTS/18e26b2b365bff41d211e516b0760021451438f1/mcu/ports/wasm/espeak-data-multi/lang/gmw/en-GB-x-gbcwmd
base	espeak	lang/gmw/en-GB-x-rp	264	a305a95506b5deef64faf93428690ddfd14da5f3c3f6a23dd0353ccc563e538a	https://raw.githubusercontent.com/Ampixa/sanoTTS/18e26b2b365bff41d211e516b0760021451438f1/mcu/ports/wasm/espeak-data-multi/lang/gmw/en-GB-x-rp
base	espeak	lang/gmw/en-Shaw	124	11b887abe5b3fa11c2bb760fcf545bdbbd053666869f18c67e6ea9f10facec44	https://raw.githubusercontent.com/Ampixa/sanoTTS/18e26b2b365bff41d211e516b0760021451438f1/mcu/ports/wasm/espeak-data-multi/lang/gmw/en-Shaw
base	espeak	lang/gmw/en-US	272	4c5f247313a4206d2d5b2b411b973a007b0617f0633add363a74717aba8d421c	https://raw.githubusercontent.com/Ampixa/sanoTTS/18e26b2b365bff41d211e516b0760021451438f1/mcu/ports/wasm/espeak-data-multi/lang/gmw/en-US
base	espeak	lang/gmw/en-US-nyc	285	62b13f9a239fee09b8ddc230a171ebdcd0cd2f14c4b198ebe0b6f9682ba2f372	https://raw.githubusercontent.com/Ampixa/sanoTTS/18e26b2b365bff41d211e516b0760021451438f1/mcu/ports/wasm/espeak-data-multi/lang/gmw/en-US-nyc
base	espeak	lang/inc/hi	23	3c1c3f916f57f2d6d6cbf7923c0f39a36ac2140e2a69ddffce917d7b8bf3ccab	https://raw.githubusercontent.com/Ampixa/sanoTTS/18e26b2b365bff41d211e516b0760021451438f1/mcu/ports/wasm/espeak-data-multi/lang/inc/hi
base	espeak	lang/inc/ne	37	d53fda082ec174ef33ed3c3468fc973c43b4ef71aca8c1a28cb344668f4838dc	https://raw.githubusercontent.com/Ampixa/sanoTTS/18e26b2b365bff41d211e516b0760021451438f1/mcu/ports/wasm/espeak-data-multi/lang/inc/ne
base	espeak	lang/poz/id	134	ce1fcddab3e756a7cdba3dd009ad24cd57e1fde29ce395698355da24e32a6075	https://raw.githubusercontent.com/Ampixa/sanoTTS/18e26b2b365bff41d211e516b0760021451438f1/mcu/ports/wasm/espeak-data-multi/lang/poz/id
base	espeak	lang/roa/es	63	966aa015ea5646d79f0ca4807cf5da7339aabd3782b55cfa5eb0d8c3fc8fc588	https://raw.githubusercontent.com/Ampixa/sanoTTS/18e26b2b365bff41d211e516b0760021451438f1/mcu/ports/wasm/espeak-data-multi/lang/roa/es
base	espeak	lang/roa/fr	79	95f44834b48c075dad13eace54d2c98ff79b81aa0074dd67eebaf66c2909eef8	https://raw.githubusercontent.com/Ampixa/sanoTTS/18e26b2b365bff41d211e516b0760021451438f1/mcu/ports/wasm/espeak-data-multi/lang/roa/fr
base	espeak	lang/roa/it	109	0d9069eb9a96db1c55c131b2bb7d1f5255c68fbddc2199ffd3295b52519a3256	https://raw.githubusercontent.com/Ampixa/sanoTTS/18e26b2b365bff41d211e516b0760021451438f1/mcu/ports/wasm/espeak-data-multi/lang/roa/it
base	espeak	lang/roa/pt	95	a44060072f790e41912c57b7d52f7b6438c4383e0dabdb052f6fdb7aacc23493	https://raw.githubusercontent.com/Ampixa/sanoTTS/18e26b2b365bff41d211e516b0760021451438f1/mcu/ports/wasm/espeak-data-multi/lang/roa/pt
base	espeak	lang/roa/pt-BR	109	84dd4e34c970fadbe32211eadecfdfaab52432479c0911e43300da88a33398ba	https://raw.githubusercontent.com/Ampixa/sanoTTS/18e26b2b365bff41d211e516b0760021451438f1/mcu/ports/wasm/espeak-data-multi/lang/roa/pt-BR
base	espeak	lang/roa/ro	26	b12af10ffc3f89cb87767ca701c6fea0def8a712de63426a9c3d0bf2432467f8	https://raw.githubusercontent.com/Ampixa/sanoTTS/18e26b2b365bff41d211e516b0760021451438f1/mcu/ports/wasm/espeak-data-multi/lang/roa/ro
base	espeak	lang/sem/ar	50	43f418f8140e5a7bd7096963da20ccba9247f6be1fcdb08cb53dd7967dd72eee	https://raw.githubusercontent.com/Ampixa/sanoTTS/18e26b2b365bff41d211e516b0760021451438f1/mcu/ports/wasm/espeak-data-multi/lang/sem/ar
base	espeak	lang/sit/cmn	686	a130a38e3b622735c2401cb37f6719f46995e84a133729185cef9a543ec0b072	https://raw.githubusercontent.com/Ampixa/sanoTTS/18e26b2b365bff41d211e516b0760021451438f1/mcu/ports/wasm/espeak-data-multi/lang/sit/cmn
base	espeak	lang/trk/tr	25	490eb5a2f777a2f3396f3a824ed8021bd77a94be801214411461bde6689738c9	https://raw.githubusercontent.com/Ampixa/sanoTTS/18e26b2b365bff41d211e516b0760021451438f1/mcu/ports/wasm/espeak-data-multi/lang/trk/tr
base	espeak	lang/zle/ru	57	9f52d00a279aaeaa45a786b4fd3a98b34e95fedbf823f8cdb9fecc1339751d3a	https://raw.githubusercontent.com/Ampixa/sanoTTS/18e26b2b365bff41d211e516b0760021451438f1/mcu/ports/wasm/espeak-data-multi/lang/zle/ru
base	espeak	lang/zlw/cs	23	1477cdba5ba3bce85db559accbbd8a24b86b3f6d9d9988bc587e89357c1c4431	https://raw.githubusercontent.com/Ampixa/sanoTTS/18e26b2b365bff41d211e516b0760021451438f1/mcu/ports/wasm/espeak-data-multi/lang/zlw/cs
base	espeak	lang/zlw/pl	38	83c586a2b724b24b9f98d21ade5022112c465ac446ca09930286980ceae1c781	https://raw.githubusercontent.com/Ampixa/sanoTTS/18e26b2b365bff41d211e516b0760021451438f1/mcu/ports/wasm/espeak-data-multi/lang/zlw/pl
dictsrc	ru	ru_rules	14526	62f3a8f3f7b94d99077de0decf7e8a8a3dc9ca653863eff5b717b6ae465e59af	https://raw.githubusercontent.com/espeak-ng/espeak-ng/1.52.0/dictsource/ru_rules
dictsrc	ru	ru_list	8238	714956c28278e3d776f08263a446b4e10735051aebbbf0227974309aa69eb02f	https://raw.githubusercontent.com/espeak-ng/espeak-ng/1.52.0/dictsource/ru_list
dictsrc	ru	ru_emoji	92773	1e82a6dd526d3762274a3b5935decfa3c3db528bc1dea5b8d6ea017f13b4af35	https://raw.githubusercontent.com/espeak-ng/espeak-ng/1.52.0/dictsource/ru_emoji
dict	ru	ru_listx	23221336	fa511621c879954bcf69b0cb1a6af4c53cf9ccc5269fbd4928896b56ffecc6e2	https://raw.githubusercontent.com/espeak-ng/espeak-ng/1.52.0/dictsource/extra/ru_listx
voice	irina	dec_f16.bin	2001058	d2f408e7a4c5bdf3686d104a3468851fefd943fa963e6907c8426cebeece4cf1	https://raw.githubusercontent.com/artt652/sanotts-engine/ab492b5b4a3138e262d940289ec7f19b9161d689/voices/irina/dec_f16.bin
voice	irina	front_f16.bin	1672654	3db732e4193df20f450e8b4e861f89fcb9af824ce4293dac1a878c0ee8cc3625	https://raw.githubusercontent.com/artt652/sanotts-engine/ab492b5b4a3138e262d940289ec7f19b9161d689/voices/irina/front_f16.bin
voice	irina	meta.json	1037	401636433bb46130d5963a04d98fa6a33c7b9cf440818388541628a9adae355f	https://raw.githubusercontent.com/artt652/sanotts-engine/ab492b5b4a3138e262d940289ec7f19b9161d689/voices/irina/meta.json
voice	denis	dec_f16.bin	2001058	1bdb3a898cabbc3943f64d939bd807b1e01b953b6ae15842ce3cb2ea909043a1	https://raw.githubusercontent.com/artt652/sanotts-engine/ab492b5b4a3138e262d940289ec7f19b9161d689/voices/denis/dec_f16.bin
voice	denis	front_f16.bin	1672974	05dd9d2cba7a3b4dee22f89961566f9e4ed68041a6ae211a712d582b57aa250d	https://raw.githubusercontent.com/artt652/sanotts-engine/ab492b5b4a3138e262d940289ec7f19b9161d689/voices/denis/front_f16.bin
voice	denis	meta.json	1037	8c5cbebc3773ac809fdc3b801fb5a8ffc13d9c30b1f1aa8613ad56b46b6c44a9	https://raw.githubusercontent.com/artt652/sanotts-engine/ab492b5b4a3138e262d940289ec7f19b9161d689/voices/denis/meta.json
voice	russian	dec_f16.bin	1461858	e794c358df9ffa29ae5b4d24e4065463e872499df9f3b8fd4497e454f715cc40	https://raw.githubusercontent.com/Ampixa/sanoTTS/18e26b2b365bff41d211e516b0760021451438f1/web/voices/russian/dec_f16.bin
voice	russian	front_f16.bin	1672654	0e842f691630397868ec68cb54d4e1a4e3fd98f0eb5fef10084323c2e3a0bae5	https://raw.githubusercontent.com/Ampixa/sanoTTS/18e26b2b365bff41d211e516b0760021451438f1/web/voices/russian/front_f16.bin
voice	russian	meta.json	1490	77a0ec6dc0672026140f801b932e25d11107d1ec0a492513e4592540f8e30540	https://raw.githubusercontent.com/Ampixa/sanoTTS/18e26b2b365bff41d211e516b0760021451438f1/web/voices/russian/meta.json
voice	russian-tiny	dec_f16.bin	630370	e886db8dd66effcbcdb9fa824fcc9123f7405f032f3878397b2d4fb437496fc6	https://raw.githubusercontent.com/Ampixa/sanoTTS/18e26b2b365bff41d211e516b0760021451438f1/web/voices/russian-tiny/dec_f16.bin
voice	russian-tiny	front_f16.bin	395236	4b2186d71188b4c9a5d862889b01d6410b63848368d9d9bd17118af893ce21b8	https://raw.githubusercontent.com/Ampixa/sanoTTS/18e26b2b365bff41d211e516b0760021451438f1/web/voices/russian-tiny/front_f16.bin
voice	russian-tiny	meta.json	1507	c02b5beef0a71b1b5139be8cafb885887fd1ce50e9800028b77028b816fcb8bb	https://raw.githubusercontent.com/Ampixa/sanoTTS/18e26b2b365bff41d211e516b0760021451438f1/web/voices/russian-tiny/meta.json
voice	german	dec_f16.bin	1461858	e0d8a27e2b33cecf55c64692be4d4f973b47a7023e872986bd2abd6af66c270a	https://raw.githubusercontent.com/Ampixa/sanoTTS/18e26b2b365bff41d211e516b0760021451438f1/web/voices/german/dec_f16.bin
voice	german	front_f16.bin	1669774	e6426502e59365cdcdee5bf06446cf32e499369010cae62e4ab51816ece98aad	https://raw.githubusercontent.com/Ampixa/sanoTTS/18e26b2b365bff41d211e516b0760021451438f1/web/voices/german/front_f16.bin
voice	german	meta.json	1487	cfa58a56eda675f9549c1536c6f1a37d036c17ca70ca6dce8e6d0cc6d43b3db2	https://raw.githubusercontent.com/Ampixa/sanoTTS/18e26b2b365bff41d211e516b0760021451438f1/web/voices/german/meta.json
voice	german-tiny	dec_f16.bin	630370	236408ce5f4a1eb9dd0ba2b92b838da122cb6cd3eb1db9ea513d58f6bfdc72f7	https://raw.githubusercontent.com/Ampixa/sanoTTS/18e26b2b365bff41d211e516b0760021451438f1/web/voices/german-tiny/dec_f16.bin
voice	german-tiny	front_f16.bin	393796	f6927f6c2767b42246dfaafb3a3bbf793e3ed79b63dff26f5508317dab493a44	https://raw.githubusercontent.com/Ampixa/sanoTTS/18e26b2b365bff41d211e516b0760021451438f1/web/voices/german-tiny/front_f16.bin
voice	german-tiny	meta.json	1504	5ae0c08d441d5c9b95b06fdac427661f05c4f38e0a4c01a3564a36c94a078d5b	https://raw.githubusercontent.com/Ampixa/sanoTTS/18e26b2b365bff41d211e516b0760021451438f1/web/voices/german-tiny/meta.json
voice	french	dec_f16.bin	1461858	92a63f111af36a7d0701c2b8d66ccd5d113c5f9201ab55cb44a77b7e063f9d06	https://raw.githubusercontent.com/Ampixa/sanoTTS/18e26b2b365bff41d211e516b0760021451438f1/web/voices/french/dec_f16.bin
voice	french	front_f16.bin	1669774	e9115e2e585997f487a19fe7f4790b475474653009033917f23b7e27361b9f26	https://raw.githubusercontent.com/Ampixa/sanoTTS/18e26b2b365bff41d211e516b0760021451438f1/web/voices/french/front_f16.bin
voice	french	meta.json	1505	2f671a31ab687d863c162a481ba20bcd1acd988d6aa9371dde023270c355cffd	https://raw.githubusercontent.com/Ampixa/sanoTTS/18e26b2b365bff41d211e516b0760021451438f1/web/voices/french/meta.json
voice	spanish	dec_f16.bin	1461858	a9489c527d4a5010f882f76002a8d2632121bce1c3746fca436f781c5436a4e8	https://raw.githubusercontent.com/Ampixa/sanoTTS/18e26b2b365bff41d211e516b0760021451438f1/web/voices/spanish/dec_f16.bin
voice	spanish	front_f16.bin	1664974	8b21c02036a34f93952248c22870f0b2464005438a119a6f3d4ac8d04fe509f3	https://raw.githubusercontent.com/Ampixa/sanoTTS/18e26b2b365bff41d211e516b0760021451438f1/web/voices/spanish/front_f16.bin
voice	spanish	meta.json	1489	cd0c229d375c75367b677bdb251644c9f38ba2fe6888d670545b43779b4b751c	https://raw.githubusercontent.com/Ampixa/sanoTTS/18e26b2b365bff41d211e516b0760021451438f1/web/voices/spanish/meta.json
voice	spanish-tiny	dec_f16.bin	630370	526483832af7eccdfe29c94322a55fda5a7688c9940fae1f5ed1684057c534d7	https://raw.githubusercontent.com/Ampixa/sanoTTS/18e26b2b365bff41d211e516b0760021451438f1/web/voices/spanish-tiny/dec_f16.bin
voice	spanish-tiny	front_f16.bin	391396	a0c1d71cd608781759bed469b653ed2c32fab514b96f281c3e998fb2aaf5cb7e	https://raw.githubusercontent.com/Ampixa/sanoTTS/18e26b2b365bff41d211e516b0760021451438f1/web/voices/spanish-tiny/front_f16.bin
voice	spanish-tiny	meta.json	1506	2a648bd3f8d189887d23f094fca26506ad4a55babc39df5514a18f9da83d66fb	https://raw.githubusercontent.com/Ampixa/sanoTTS/18e26b2b365bff41d211e516b0760021451438f1/web/voices/spanish-tiny/meta.json
voice	italian	dec_f16.bin	1461858	0251b714088cf0fdd472ca73c204cc7362494398e866a3a94449c2726429569b	https://raw.githubusercontent.com/Ampixa/sanoTTS/18e26b2b365bff41d211e516b0760021451438f1/web/voices/italian/dec_f16.bin
voice	italian	front_f16.bin	1670094	e8ef946cceb2f876979e0342296d3038cca99da360b66ddbddafe11af9ecd17d	https://raw.githubusercontent.com/Ampixa/sanoTTS/18e26b2b365bff41d211e516b0760021451438f1/web/voices/italian/front_f16.bin
voice	italian	meta.json	1490	9df56087904e425d0727b1ae645aef820bb03bf29f78fc574dd85f4f75a75fe6	https://raw.githubusercontent.com/Ampixa/sanoTTS/18e26b2b365bff41d211e516b0760021451438f1/web/voices/italian/meta.json
voice	italian-tiny	dec_f16.bin	630370	67ca0df6471147db149e57ee94a7d171f3c2274ba6a18608f054971f87786b6a	https://raw.githubusercontent.com/Ampixa/sanoTTS/18e26b2b365bff41d211e516b0760021451438f1/web/voices/italian-tiny/dec_f16.bin
voice	italian-tiny	front_f16.bin	393956	de1c96f70990363612d423771e963a0a959f37e17a6b36f33d5176d9ce3fb39a	https://raw.githubusercontent.com/Ampixa/sanoTTS/18e26b2b365bff41d211e516b0760021451438f1/web/voices/italian-tiny/front_f16.bin
voice	italian-tiny	meta.json	1507	7f47753427a9f7f9dea97b1660c1d7e9f54a0497a5a288bd26523a4199cd279b	https://raw.githubusercontent.com/Ampixa/sanoTTS/18e26b2b365bff41d211e516b0760021451438f1/web/voices/italian-tiny/meta.json
voice	portuguese	dec_f16.bin	1461858	6831fba0c656febf0f847fcb4142cf9a5f872ecf956efd0034be058ad0429bb6	https://raw.githubusercontent.com/Ampixa/sanoTTS/18e26b2b365bff41d211e516b0760021451438f1/web/voices/portuguese/dec_f16.bin
voice	portuguese	front_f16.bin	1669774	cff989ce3fc0afb284e96298c768c690527876547cdcaf5b00bdbc926c208013	https://raw.githubusercontent.com/Ampixa/sanoTTS/18e26b2b365bff41d211e516b0760021451438f1/web/voices/portuguese/front_f16.bin
voice	portuguese	meta.json	1496	a5393b6a4fd333dccda0c392960421bc05de560764a184733635e333b9059a0e	https://raw.githubusercontent.com/Ampixa/sanoTTS/18e26b2b365bff41d211e516b0760021451438f1/web/voices/portuguese/meta.json
voice	portuguese-tiny	dec_f16.bin	630370	2dbd62b00e3a57552328a1e7d899538be8a00febf11379eed1ce5a592be3f11f	https://raw.githubusercontent.com/Ampixa/sanoTTS/18e26b2b365bff41d211e516b0760021451438f1/web/voices/portuguese-tiny/dec_f16.bin
voice	portuguese-tiny	front_f16.bin	393796	77519519b6b3541a393c7399d987ca8c65f3d68b7b93fd6640d889349dc75ef2	https://raw.githubusercontent.com/Ampixa/sanoTTS/18e26b2b365bff41d211e516b0760021451438f1/web/voices/portuguese-tiny/front_f16.bin
voice	portuguese-tiny	meta.json	1513	d9b14fba574e2964ef65b772db2c5bc9fe7c7eb8b90d713a1aa51aa3ec50844d	https://raw.githubusercontent.com/Ampixa/sanoTTS/18e26b2b365bff41d211e516b0760021451438f1/web/voices/portuguese-tiny/meta.json
voice	czech	dec_f16.bin	1461858	ad304c68acc8ac5804372ef851d390ae5bb21c4ebbb0cbd929d6c1776c10155b	https://raw.githubusercontent.com/Ampixa/sanoTTS/18e26b2b365bff41d211e516b0760021451438f1/web/voices/czech/dec_f16.bin
voice	czech	front_f16.bin	1675214	e257d53dbbc308a58f4040f7c83363fbf7bb7c5e0fd99287b025c183c4190eb5	https://raw.githubusercontent.com/Ampixa/sanoTTS/18e26b2b365bff41d211e516b0760021451438f1/web/voices/czech/front_f16.bin
voice	czech	meta.json	1487	f94496a7ed690faa7285a38879ee5e1d6bc56e86b1e0f4e63c295a26a0798bb4	https://raw.githubusercontent.com/Ampixa/sanoTTS/18e26b2b365bff41d211e516b0760021451438f1/web/voices/czech/meta.json
voice	czech-tiny	dec_f16.bin	630370	5c14aea0371e73d3954c07a44a9c74829afe7139759f7ef2c383bff3695b0f63	https://raw.githubusercontent.com/Ampixa/sanoTTS/18e26b2b365bff41d211e516b0760021451438f1/web/voices/czech-tiny/dec_f16.bin
voice	czech-tiny	front_f16.bin	396516	7bc0430a78a0b7d759a1fb46314ab9c82c122e19ae96819b7ce4686f0901c619	https://raw.githubusercontent.com/Ampixa/sanoTTS/18e26b2b365bff41d211e516b0760021451438f1/web/voices/czech-tiny/front_f16.bin
voice	czech-tiny	meta.json	1504	539f8ccdbad716a7ea198ac2b0d2c53affc4a3f2a3cf03f9fb24fcff0996ffda	https://raw.githubusercontent.com/Ampixa/sanoTTS/18e26b2b365bff41d211e516b0760021451438f1/web/voices/czech-tiny/meta.json
voice	romanian	dec_f16.bin	1461858	e4161ee8176cc47bd4d87779449f067763de5d194fc5ff41e19b43eed4798f31	https://raw.githubusercontent.com/Ampixa/sanoTTS/18e26b2b365bff41d211e516b0760021451438f1/web/voices/romanian/dec_f16.bin
voice	romanian	front_f16.bin	1669454	c68bc86c52d10a4f17c28226ea05648487bf2b436fb99a1ff12fd5e4c3dd2eda	https://raw.githubusercontent.com/Ampixa/sanoTTS/18e26b2b365bff41d211e516b0760021451438f1/web/voices/romanian/front_f16.bin
voice	romanian	meta.json	1490	d6662f2c89b6d5be54ef4742acedc2f4bc9128638f70b4ee7c6e1939c6bf66c3	https://raw.githubusercontent.com/Ampixa/sanoTTS/18e26b2b365bff41d211e516b0760021451438f1/web/voices/romanian/meta.json
voice	romanian-tiny	dec_f16.bin	630370	2302c9f14c22738a7a118f4a724c76aa101f21aece877cddabd88a5c0b912f25	https://raw.githubusercontent.com/Ampixa/sanoTTS/18e26b2b365bff41d211e516b0760021451438f1/web/voices/romanian-tiny/dec_f16.bin
voice	romanian-tiny	front_f16.bin	393636	84e1edcef577fc6664d8b2847eeffa7655f387899f7db8631291e690f53da1c1	https://raw.githubusercontent.com/Ampixa/sanoTTS/18e26b2b365bff41d211e516b0760021451438f1/web/voices/romanian-tiny/front_f16.bin
voice	romanian-tiny	meta.json	1507	7e6814b973a03f9160850cb5515cfda9f9b63d3df0bbf1462c93d2460a72a4bd	https://raw.githubusercontent.com/Ampixa/sanoTTS/18e26b2b365bff41d211e516b0760021451438f1/web/voices/romanian-tiny/meta.json
voice	turkish	dec_f16.bin	1461858	08da01881d47796058fdfc9c7fc08be374dc121a90d7f98fc8fdfe66f2e8ae00	https://raw.githubusercontent.com/Ampixa/sanoTTS/18e26b2b365bff41d211e516b0760021451438f1/web/voices/turkish/dec_f16.bin
voice	turkish	front_f16.bin	1663694	145ba3b6fd26f86db287f24a9269becdd30b960f5f5f27bddb6bc7e55933a22b	https://raw.githubusercontent.com/Ampixa/sanoTTS/18e26b2b365bff41d211e516b0760021451438f1/web/voices/turkish/front_f16.bin
voice	turkish	meta.json	1489	a5e1c2f4b4723d1e5c69ee19f46bcbb2db5c70264b2a2d9de3da8e00e18d82b0	https://raw.githubusercontent.com/Ampixa/sanoTTS/18e26b2b365bff41d211e516b0760021451438f1/web/voices/turkish/meta.json
voice	turkish-tiny	dec_f16.bin	630370	d7f9a51c8ff7ab6760ffa56af62f725a85c391a6d003bd3a9139afa2c1da8b47	https://raw.githubusercontent.com/Ampixa/sanoTTS/18e26b2b365bff41d211e516b0760021451438f1/web/voices/turkish-tiny/dec_f16.bin
voice	turkish-tiny	front_f16.bin	390756	55af5a3cc4979e9859275840a7529176ba980012d16955b8cfb3c4a1e9d6913a	https://raw.githubusercontent.com/Ampixa/sanoTTS/18e26b2b365bff41d211e516b0760021451438f1/web/voices/turkish-tiny/front_f16.bin
voice	turkish-tiny	meta.json	1506	4784a7e678225c73872d036ba941af67610ac0eac121fb4baf716f1576965f6c	https://raw.githubusercontent.com/Ampixa/sanoTTS/18e26b2b365bff41d211e516b0760021451438f1/web/voices/turkish-tiny/meta.json
voice	polish	dec_f16.bin	1461858	1f2628f89d0e94f19bcf0c88fdec5f748496aeae79568277478f1d2fb82f493d	https://raw.githubusercontent.com/Ampixa/sanoTTS/18e26b2b365bff41d211e516b0760021451438f1/web/voices/polish/dec_f16.bin
voice	polish	front_f16.bin	1669774	e12ca77dda6976dd97a65e1f7a270fd6a51b70945fc8316c321b429c5cc2dc74	https://raw.githubusercontent.com/Ampixa/sanoTTS/18e26b2b365bff41d211e516b0760021451438f1/web/voices/polish/front_f16.bin
voice	polish	meta.json	1528	acc79437b3c73c25cb68b35330f6aef790a7741aeb7467a16a2470b51ae35a15	https://raw.githubusercontent.com/Ampixa/sanoTTS/18e26b2b365bff41d211e516b0760021451438f1/web/voices/polish/meta.json
voice	arabic	dec_f16.bin	1461858	a9e7d91c99d033f4e8656d358c0ba2ad4fe6c4075cbb59b6d81c12f3a97aa65f	https://raw.githubusercontent.com/Ampixa/sanoTTS/18e26b2b365bff41d211e516b0760021451438f1/web/voices/arabic/dec_f16.bin
voice	arabic	front_f16.bin	1671374	e35f1d908b4a89ea5b0c2b37458ec446984e942d0c187e53a0877313fbf5ae1e	https://raw.githubusercontent.com/Ampixa/sanoTTS/18e26b2b365bff41d211e516b0760021451438f1/web/voices/arabic/front_f16.bin
voice	arabic	meta.json	1507	0a45be1d917057965fed846bdb45c42f016333b205e2792c1dc6f9b9d7c9ac1b	https://raw.githubusercontent.com/Ampixa/sanoTTS/18e26b2b365bff41d211e516b0760021451438f1/web/voices/arabic/meta.json
voice	amy	dec_f32.bin	4001700	f520bcbf278607343e68170a06619a465a333d2d67476c6823d130e91580281b	https://raw.githubusercontent.com/Ampixa/sanoTTS/18e26b2b365bff41d211e516b0760021451438f1/web/voices/amy/dec_f32.bin
voice	amy	front_f32.bin	1816420	9bc304dd1db30b17a2efb751795137c6d26f25aaf9c96f05bc1dec7c86e0ce23	https://raw.githubusercontent.com/Ampixa/sanoTTS/18e26b2b365bff41d211e516b0760021451438f1/web/voices/amy/front_f32.bin
voice	amy	meta.json	1197	1c211821b231991138b4b383d2fcdc621c3ea72f9302297ffccbc398cded68f4	https://raw.githubusercontent.com/Ampixa/sanoTTS/18e26b2b365bff41d211e516b0760021451438f1/web/voices/amy/meta.json
voice	kristin	dec_f32.bin	4003988	87e061c82b467cd2c6729d292298614189e45dc7a3c2777c0aa30ecf812242a3	https://raw.githubusercontent.com/Ampixa/sanoTTS/18e26b2b365bff41d211e516b0760021451438f1/web/voices/kristin/dec_f32.bin
voice	kristin	front_f32.bin	1581712	b1b099ae95e9e30c04559023dd92027780ef937179d317e974beaf17526beab6	https://raw.githubusercontent.com/Ampixa/sanoTTS/18e26b2b365bff41d211e516b0760021451438f1/web/voices/kristin/front_f32.bin
voice	kristin	meta.json	1035	c2847a3886e483aea48e93f60a51afd710b62b32b7396046b8714025fe7ade1b	https://raw.githubusercontent.com/Ampixa/sanoTTS/18e26b2b365bff41d211e516b0760021451438f1/web/voices/kristin/meta.json
voice	hfc	dec_f32.bin	4001700	922e0d4210f606f9bf6e9ef26c8276b9880aea0352881df67a6bca71f1165f9a	https://raw.githubusercontent.com/Ampixa/sanoTTS/18e26b2b365bff41d211e516b0760021451438f1/web/voices/hfc/dec_f32.bin
voice	hfc	front_f32.bin	3336804	c3f4631101e8db147cc42f4a6be894bb9c701f265cf602f843e785f143d67582	https://raw.githubusercontent.com/Ampixa/sanoTTS/18e26b2b365bff41d211e516b0760021451438f1/web/voices/hfc/front_f32.bin
voice	hfc	meta.json	1208	a8b068eb1c3753b378a487abc92c331180383fe812f1ef6a05e6cddb788ed2a1	https://raw.githubusercontent.com/Ampixa/sanoTTS/18e26b2b365bff41d211e516b0760021451438f1/web/voices/hfc/meta.json
voice	vietnamese	dec_f32.bin	2923300	73a022d9dc27871194b4151631954733cf30ddaa1b499948e3987d856f621c22	https://raw.githubusercontent.com/Ampixa/sanoTTS/18e26b2b365bff41d211e516b0760021451438f1/web/voices/vietnamese/dec_f32.bin
voice	vietnamese	front_f32.bin	3339620	85bfca9ea8ca401ddb03853c4f1e676ee371ecea06cc2dc87bd3e7dffe3976ff	https://raw.githubusercontent.com/Ampixa/sanoTTS/18e26b2b365bff41d211e516b0760021451438f1/web/voices/vietnamese/front_f32.bin
voice	vietnamese	meta.json	1191	b7534728adf57a68a411901211620f787b645fc7a27291b0aa7440c21807dd9c	https://raw.githubusercontent.com/Ampixa/sanoTTS/18e26b2b365bff41d211e516b0760021451438f1/web/voices/vietnamese/meta.json
voice	indonesian	dec_f32.bin	2923300	fb567001e0efb4b2194b57755f8337536f1f2e025619ada8a0a2ac3d925c6f48	https://raw.githubusercontent.com/Ampixa/sanoTTS/18e26b2b365bff41d211e516b0760021451438f1/web/voices/indonesian/dec_f32.bin
voice	indonesian	front_f32.bin	3326180	2e9b5efde02de618dc07ec5e3de43957f2d76e38d58bf68164e64f0109ad5a5e	https://raw.githubusercontent.com/Ampixa/sanoTTS/18e26b2b365bff41d211e516b0760021451438f1/web/voices/indonesian/front_f32.bin
voice	indonesian	meta.json	1191	f6619f60b435d4c6e72f6f5a5b895127355055a62dbfc3eb2f5edafa40300f36	https://raw.githubusercontent.com/Ampixa/sanoTTS/18e26b2b365bff41d211e516b0760021451438f1/web/voices/indonesian/meta.json
voice	hindi	dec_f32.bin	2558528	0df0527a221c840814f1e2795f3a65edf3f08e32beb5f235df3c65a79761f4c5	https://raw.githubusercontent.com/Ampixa/sanoTTS/18e26b2b365bff41d211e516b0760021451438f1/web/voices/hindi/dec_f32.bin
voice	hindi	front_f32.bin	3440140	ae6f5ec73e7c15cb0bef5b0c51eaa9cb105bbcbefb2137c43e16bf89e591a75e	https://raw.githubusercontent.com/Ampixa/sanoTTS/18e26b2b365bff41d211e516b0760021451438f1/web/voices/hindi/front_f32.bin
voice	hindi	meta.json	1225	29230f0e67a81b4d5a853563fa57a4d39d93a7ee544d0a016ae381319004ea30	https://raw.githubusercontent.com/Ampixa/sanoTTS/18e26b2b365bff41d211e516b0760021451438f1/web/voices/hindi/meta.json
voice	nepali	dec_f32.bin	2558528	4877d98a7966c31bf679169553adba03103bda52f7eb01a32c051788fe3b8955	https://raw.githubusercontent.com/Ampixa/sanoTTS/18e26b2b365bff41d211e516b0760021451438f1/web/voices/nepali/dec_f32.bin
voice	nepali	front_f32.bin	3341540	d8dd37153f65a999f7e3e464d078d33a11f9fa18ac5e6eff681c2752477b34ee	https://raw.githubusercontent.com/Ampixa/sanoTTS/18e26b2b365bff41d211e516b0760021451438f1/web/voices/nepali/front_f32.bin
voice	nepali	meta.json	1225	46f39167ccbcfd515e3925388af37bea150bb17ce998d1d53e059d930cc97f55	https://raw.githubusercontent.com/Ampixa/sanoTTS/18e26b2b365bff41d211e516b0760021451438f1/web/voices/nepali/meta.json
voice	chinese	dec_f32.bin	2560816	c994f980de6df513b83db65aeedea70cbad250e4d9fc96b1541a2e71301be4d0	https://raw.githubusercontent.com/Ampixa/sanoTTS/18e26b2b365bff41d211e516b0760021451438f1/web/voices/chinese/dec_f32.bin
voice	chinese	front_f32.bin	3438220	34e5d7498cd405e16039433d8ad09000643669c0bdfc91e0f81bcdf4e40bf218	https://raw.githubusercontent.com/Ampixa/sanoTTS/18e26b2b365bff41d211e516b0760021451438f1/web/voices/chinese/front_f32.bin
voice	chinese	meta.json	1230	e73aecc065b1d7fc8b71c87ab676024ec27d5723222ef1dc66d74451b231ea71	https://raw.githubusercontent.com/Ampixa/sanoTTS/18e26b2b365bff41d211e516b0760021451438f1/web/voices/chinese/meta.json
dict	ar	ar_dict	478165	72316426e797777fe4df9420935a3b6a79b37d7e3f3948537ba71cd7b21b2541	https://raw.githubusercontent.com/Ampixa/sanoTTS/18e26b2b365bff41d211e516b0760021451438f1/mcu/ports/wasm/espeak-data-multi/ar_dict
dict	cmn	cmn_dict	1566347	2a41ddab7213d0284a984def6b40c72cbc40b346d3220db08c6ae324f46d59aa	https://raw.githubusercontent.com/Ampixa/sanoTTS/18e26b2b365bff41d211e516b0760021451438f1/mcu/ports/wasm/espeak-data-multi/cmn_dict
dict	cs	cs_dict	50455	61e649cdf0339e9e8248bdcdfa88b19c2cd129ef21e530adfe1860115420681d	https://raw.githubusercontent.com/Ampixa/sanoTTS/18e26b2b365bff41d211e516b0760021451438f1/mcu/ports/wasm/espeak-data-multi/cs_dict
dict	de	de_dict	69277	755d9cab00305b04c074141990ef0339191835de746dfa074936e194f3a5ad54	https://raw.githubusercontent.com/Ampixa/sanoTTS/18e26b2b365bff41d211e516b0760021451438f1/mcu/ports/wasm/espeak-data-multi/de_dict
dict	en	en_dict	168204	1053f74a34af38abb6fbd64b7838dacbc655a687c48ce1bb663d364a127b05de	https://raw.githubusercontent.com/Ampixa/sanoTTS/18e26b2b365bff41d211e516b0760021451438f1/mcu/ports/wasm/espeak-data-multi/en_dict
dict	es	es_dict	49285	e7c6347e407d5c14f283eeada18b86c6d560b03b62f53659473109bbff096757	https://raw.githubusercontent.com/Ampixa/sanoTTS/18e26b2b365bff41d211e516b0760021451438f1/mcu/ports/wasm/espeak-data-multi/es_dict
dict	fr	fr_dict	63727	e399ab924c4d10beef1fc310b30ea56e4ddfd8b4b64b8ed978e9c65394d49b2d	https://raw.githubusercontent.com/Ampixa/sanoTTS/18e26b2b365bff41d211e516b0760021451438f1/mcu/ports/wasm/espeak-data-multi/fr_dict
dict	hi	hi_dict	92143	5a68c9532624e57ac845b26ce1e2e5034c4f6353bede46ecbe57e583ec8effd6	https://raw.githubusercontent.com/Ampixa/sanoTTS/18e26b2b365bff41d211e516b0760021451438f1/mcu/ports/wasm/espeak-data-multi/hi_dict
dict	id	id_dict	43458	8fb3f23f80f71f023219cee7032223f3f6886cc5040eb4c8c507f79d1b84e98d	https://raw.githubusercontent.com/Ampixa/sanoTTS/18e26b2b365bff41d211e516b0760021451438f1/mcu/ports/wasm/espeak-data-multi/id_dict
dict	it	it_dict	154408	7ce5b6b4e2ee251516708584267a413a3c02b2fa07cb527a2eb421fbbb3b12cf	https://raw.githubusercontent.com/Ampixa/sanoTTS/18e26b2b365bff41d211e516b0760021451438f1/mcu/ports/wasm/espeak-data-multi/it_dict
dict	ne	ne_dict	95377	43831c3f53ea6e939cac37b5ae5bd7a2ea8237aa46f0e7f2441ab772a3c51dba	https://raw.githubusercontent.com/Ampixa/sanoTTS/18e26b2b365bff41d211e516b0760021451438f1/mcu/ports/wasm/espeak-data-multi/ne_dict
dict	pl	pl_dict	76620	4daed8b7fce7bad6c690a8f040f254b6de5d238eb87cf0188a46f6b8a7030933	https://raw.githubusercontent.com/Ampixa/sanoTTS/18e26b2b365bff41d211e516b0760021451438f1/mcu/ports/wasm/espeak-data-multi/pl_dict
dict	pt	pt_dict	76389	94c689153e12e9c5e0ecbf60518a93ebb2ea0fbe805c63d97fa84c43331424e9	https://raw.githubusercontent.com/Ampixa/sanoTTS/18e26b2b365bff41d211e516b0760021451438f1/mcu/ports/wasm/espeak-data-multi/pt_dict
dict	ro	ro_dict	68538	b14f68866b0440c4b0d95fb7da3b7ffd3c59b693e8593d188474fabfc9a1117d	https://raw.githubusercontent.com/Ampixa/sanoTTS/18e26b2b365bff41d211e516b0760021451438f1/mcu/ports/wasm/espeak-data-multi/ro_dict
dict	tr	tr_dict	46793	311b0557059f2dab5ee2faabb51361f5033368f0e2a54c4bdfe45e730674f26e	https://raw.githubusercontent.com/Ampixa/sanoTTS/18e26b2b365bff41d211e516b0760021451438f1/mcu/ports/wasm/espeak-data-multi/tr_dict
dict	vi	vi_dict	52608	4b1bdd2a5fbb79514ab71c77422966c1a59276a138241a3d2ee032e977b3b53e	https://raw.githubusercontent.com/Ampixa/sanoTTS/18e26b2b365bff41d211e516b0760021451438f1/mcu/ports/wasm/espeak-data-multi/vi_dict
data	yo	yo_safe.txt	864903	11fc6d9c3cc6d0fff6a21cd642fa6aecbf3f9eb784f84ccd78141f32e51e0693	https://raw.githubusercontent.com/e2yo/eyo-kernel/v4.1.3/dictionary/safe.txt
model	tashkeel	tashkeel-q16.bin	2403376	6f5c643c94ca43497b9892788780d5fe9eab8779571e85ca2e09fe11a833e147	https://raw.githubusercontent.com/Ampixa/sanoTTS/18e26b2b365bff41d211e516b0760021451438f1/web/tashkeel/tashkeel-q16.bin
