# voice	espeak_voice	dict	lang_ru	lang_en	bytes	params	sample_rate	gender	teacher	wer	scoreq	speed	note_ru	note_en
# params — число весов модели (front + decoder, из meta.json); gender — f/m (голос учителя, сверено по высоте тона);
# teacher — голос Piper, с которого дистиллирован; wer — Whisper WER по 16 фразам Tatoeba (английские — 24 фразы, другой набор),
# (для китайского — cer:… — ошибки по иероглифам); scoreq — оценка звучания SCOREQ (1–5), обе — из README sanoTTS; speed — во сколько раз быстрее реального времени на x86-64,
# с запуском программы (sanotts_cli 2.6, одна фраза 3–6 с) на одном x86-64; модуль показывает его отношением к russian.
irina	ru	ru	Русский	Russian	3674749	1836364	22050	f	ru_RU-irina-medium			3.8	Дополнительный голос, не входит в sanoTTS: обучен по инструкции sanoTTS дистилляцией голоса Piper ru_RU-irina-medium. Крупнее и естественнее, чем russian; основной русский голос модуля	Additional voice, not part of sanoTTS: trained following the sanoTTS guide by distilling the Piper voice ru_RU-irina-medium. Larger and more natural than russian; the module's main Russian voice
denis	ru	ru	Русский	Russian	3675069	1836524	22050	m	ru_RU-denis-medium			3.9	Дополнительный мужской голос, не входит в sanoTTS: обучен по инструкции sanoTTS дистилляцией голоса Piper ru_RU-denis-medium; того же размера, что Ирина	Additional male voice, not part of sanoTTS: trained following the sanoTTS guide by distilling the Piper voice ru_RU-denis-medium; same size as Irina
russian	ru	ru	Русский	Russian	3136002	1566764	22050	f	ru_RU-irina-medium	0.120		5.1	Русский голос из sanoTTS: меньше и быстрее Ирины	Russian voice from sanoTTS: smaller and faster than Irina
russian-tiny	ru	ru	Русский	Russian	1027113	512331	22050	f	ru_RU-irina-medium			12.6	Облегчённая версия: в 2,5–3 раза быстрее и втрое меньше, но звучит беднее — для слабых устройств	Lightweight version: 2.5–3× faster and a third of the size, but sounds thinner — for weak devices
german	de	de	Немецкий	German	3133119	1565324	22050	m	de_DE-thorsten-medium	0.099		4.1		
german-tiny	de	de	Немецкий	German	1025670	511611	22050	m	de_DE-thorsten-medium	0.145		13.7	Облегчённая версия: в 2,5–3 раза быстрее и втрое меньше, но звучит беднее — для слабых устройств	Lightweight version: 2.5–3× faster and a third of the size, but sounds thinner — for weak devices
french	fr	fr	Французский	French	3133137	1565324	22050	f	fr_FR-siwis-medium	0.221		4.7	На незнакомом тексте разборчивость хуже, чем на обучающем	Less intelligible on unseen text than on its training text
spanish	es	es	Испанский	Spanish	3128321	1562924	22050	m	es_ES-davefx-medium	0.147		4.8		
spanish-tiny	es	es	Испанский	Spanish	1023272	510411	22050	m	es_ES-davefx-medium			13.5	Облегчённая версия: в 2,5–3 раза быстрее и втрое меньше, но звучит беднее — для слабых устройств	Lightweight version: 2.5–3× faster and a third of the size, but sounds thinner — for weak devices
italian	it	it	Итальянский	Italian	3133442	1565484	22050	f	it_IT-serena-medium	0.080		4.4		
italian-tiny	it	it	Итальянский	Italian	1025833	511691	22050	f	it_IT-serena-medium			13.2	Облегчённая версия: в 2,5–3 раза быстрее и втрое меньше, но звучит беднее — для слабых устройств	Lightweight version: 2.5–3× faster and a third of the size, but sounds thinner — for weak devices
portuguese	pt-br	pt	Португальский (Бразилия)	Portuguese (Brazil)	3133128	1565324	22050	m	pt_BR-cadu-medium	0.038		5.2		
portuguese-tiny	pt-br	pt	Португальский (Бразилия)	Portuguese (Brazil)	1025679	511611	22050	m	pt_BR-cadu-medium			13.6	Облегчённая версия: в 2,5–3 раза быстрее и втрое меньше, но звучит беднее — для слабых устройств	Lightweight version: 2.5–3× faster and a third of the size, but sounds thinner — for weak devices
czech	cs	cs	Чешский	Czech	3138559	1568044	22050	m	cs_CZ-jirka-medium	0.351		5.1	На незнакомом тексте разборчивость хуже, чем на обучающем	Less intelligible on unseen text than on its training text
czech-tiny	cs	cs	Чешский	Czech	1028390	512971	22050	m	cs_CZ-jirka-medium			12.3	Облегчённая версия: в 2,5–3 раза быстрее и втрое меньше, но звучит беднее — для слабых устройств	Lightweight version: 2.5–3× faster and a third of the size, but sounds thinner — for weak devices
romanian	ro	ro	Румынский	Romanian	3132802	1565164	22050	m	ro_RO-mihai-medium	0.392		5.1	На незнакомом тексте разборчивость хуже, чем на обучающем	Less intelligible on unseen text than on its training text
romanian-tiny	ro	ro	Румынский	Romanian	1025513	511531	22050	m	ro_RO-mihai-medium			13.6	Облегчённая версия: в 2,5–3 раза быстрее и втрое меньше, но звучит беднее — для слабых устройств	Lightweight version: 2.5–3× faster and a third of the size, but sounds thinner — for weak devices
turkish	tr	tr	Турецкий	Turkish	3127041	1562284	22050	m	tr_TR-dfki-medium	0.303		4.2		
turkish-tiny	tr	tr	Турецкий	Turkish	1022632	510091	22050	m	tr_TR-dfki-medium			13.2	Облегчённая версия: в 2,5–3 раза быстрее и втрое меньше, но звучит беднее — для слабых устройств	Lightweight version: 2.5–3× faster and a third of the size, but sounds thinner — for weak devices
polish	pl	pl	Польский	Polish	3133160	1565324	22050	f	pl_PL-gosia-medium			5.5		
arabic	ar	ar	Арабский	Arabic	3134739	1566124	22050	m	ar_JO-kareem-medium	0.274		5.5	Огласовки (харакаты) расставляет отдельная утилита sanotts_tashkeel — модель libtashkeel, как в Piper; скачивается с голосом (2,4 МБ)	Diacritics (harakat) are restored by the separate sanotts_tashkeel utility — the libtashkeel model used by Piper; downloaded with the voice (2.4 MB)
amy	en-us	en	Английский (США)	English (US)	5819317	1454284	22050	f	en_US-amy-medium	0.058	4.13	3.5	Лучшее качество звучания среди голосов sanoTTS	Best-sounding voice in sanoTTS
kristin	en	en	Английский (США)	English (US)	5586735	1396151	22050	f	en_US-kristin-medium	0.171	4.09	3.7	Звучит почти как amy, но разборчивость ниже	Sounds nearly as good as amy, but less intelligible
hfc	en-us	en	Английский (США)	English (US)	7339712	1834380	22050	f	en_US-hfc_female-medium	0.069	3.94	3.5	Самая крупная модель; очень разборчивая	Largest model; very intelligible
vietnamese	vi	vi	Вьетнамский	Vietnamese	6264111	1565484	22050	f	vi_VN-vais1000-medium	0.468	1.53	4.9	Разборчивость и звучание заметно ниже, чем у европейских и английских голосов	Intelligibility and sound are noticeably below the European and English voices
indonesian	id	id	Индонезийский	Indonesian	6250671	1562124	22050	f	id_ID-news_tts-medium	0.256	1.71	4.9	Слова в основном разборчивы, но звучание заметно проще, чем у английских голосов	Words mostly come through, but it sounds noticeably plainer than the English voices
hindi	hi	hi	Хинди	Hindi	5999893	1499407	22050	m	hi_IN-pratham-medium			6.0		
nepali	ne	ne	Непальский	Nepali	5901293	1474771	22050	m	ne_NP-chitwan-medium			6.1		
chinese	cmn	cmn	Китайский	Chinese	6000266	1499481	22050	f	zh_CN-huayan-medium	cer:0.468		5.7	Старый голос на espeak (CER — доля неверных иероглифов, на FLORES). В sanoTTS его заменил chinese-xiaoya (пиньинь), который этот движок не исполняет	Old espeak-based voice (CER is the character error rate, on FLORES). sanoTTS replaced it with chinese-xiaoya (pinyin), which this engine cannot run
